INSERT INTO User VALUES
(1, 'johndoe', 'John', 'Doe', 'M', '+1-555-555-1234'),
(2, 'janedoe', 'Jane', 'Doe', 'F', '+1-555-555-5678'),
(3, 'marks', 'Mark', 'Smith', 'M', '+1-555-555-9012'),
(4, 'sarahj', 'Sarah', 'Johnson', 'F', '+1-555-555-3456'),
(5, 'tomw', 'Tom', 'Wilson', 'M', '+1-555-555-7890'),
(6, 'laurab', 'Laura', 'Brown', 'F', '+1-555-555-2345'),
(7, 'davidl', 'David', 'Lee', 'M', '+1-555-555-6789'),
(8, 'susank', 'Susan', 'Kim', 'F', '+1-555-555-0123'),
(9, 'michaelc', 'Michael', 'Chen', 'M', '+1-555-555-4567'),
(10, 'emilyd', 'Emily', 'Davis', 'F', '+1-555-555-8908'),
(11, 'ryanh', 'Ryan', 'Hernandez', 'M', '+1-555-555-2344'),
(12, 'averyc', 'Avery', 'Campbell', 'F', '+1-555-555-6785'),
(13, 'isabellap', 'Isabella', 'Perez', 'F', '+1-555-555-0124'),
(14, 'jamesg', 'James', 'Green', 'M', '+1-555-555-4566'),
(15, 'oliviaa', 'Olivia', 'Allen', 'F', '+1-555-555-8905'),
(16, 'ethann', 'Ethan', 'Nelson', 'M', '+1-555-555-2325'),
(17, 'sophiac', 'Sophia', 'Cooper', 'F', '+1-555-555-6889'),
(18, 'mias', 'Mia', 'Scott', 'F', '+1-555-555-0723'),
(19, 'alexanderw', 'Alexander', 'Wright', 'M', '+1-555-555-4507'),
(20, 'evelyna', 'Evelyn', 'Adams', 'F', '+1-555-555-8991');

INSERT INTO Payment VALUES
(001, 'Credit Card', 500.00),
(002, 'Debit Card', 750.50),
(003, 'PayPal', 300.00),
(004, 'Cash', 400.00),
(005, 'Apple Pay', 900.00),
(006, 'Google Pay', 250.00),
(007, 'Venmo', 600.00),
(008, 'Credit Card', 350.00),
(009, 'Debit Card', 450.50),
(010, 'PayPal', 200.00),
(011, 'Cash', 700.00),
(012, 'Apple Pay', 550.00),
(013, 'Google Pay', 100.00),
(014, 'Venmo', 350.00),
(015, 'Credit Card', 800.00),
(016, 'Debit Card', 250.50),
(017, 'PayPal', 150.00),
(018, 'Cash', 900.00),
(019, 'Apple Pay', 200.00),
(020, 'Google Pay', 400.00);

INSERT INTO Ticket VALUES
('ABC123', 'John Doe', 'A1', 'New York', 'London', '2023-06-01 09:00:00',1,001),
('DEF456', 'Jane Doe', 'B2', 'San Francisco', 'New York', '2023-06-05 12:00:00',2,002),
('GHI789', 'Mark Smith', 'C3', 'Chicago', 'Los Angeles', '2023-06-07 5:00:00',3,003),
('JKL123', 'Sarah Johnson', 'D4', 'Sydney', 'Dubai', '2023-06-10 10:00:00',4,004),
('MNO456', 'Tom Wilson', 'E5', 'London', 'Paris', '2023-06-15 08:00:00',5,005),
('PQR789', 'Laura Brown', 'F6', 'New York', 'Delhi', '2023-06-20 17:00:00',6,006),
('STU123', 'David Lee', 'G7', 'Chicago', 'Seattle', '2023-06-22 11:00:00',7,007),
('VWX456', 'Susan Kim', 'H8', 'Los Angeles', 'New York', '2023-06-25 14:00:00',8,008),
('YZA789', 'Michael Chen', 'I9', 'Dubai', 'London', '2023-06-28 20:00:00',9,009),
('AAA123', 'Emily Davis', 'J10', 'Paris', 'Sydney', '2023-07-01 06:00:00',10,010),
('AAB456', 'Ryan Hernandez', 'K11', 'Delhi', 'Chicago', '2023-07-05 12:00:00',11,011),
('AAC789', 'Avery Campbell', 'L12', 'Seattle', 'San Francisco', '2023-07-10 13:00:00',12,012),
('AAD123', 'Isabella Perez', 'M13', 'New York', 'Los Angeles', '2023-07-15 16:00:00',13,013),
('AAE456', 'James Green', 'N14', 'Paris', 'London', '2023-07-20 08:00:00',14,014),
('AAF789', 'Olivia Allen', 'O15', 'Delhi', 'Dubai', '2023-07-25 17:00:00',15,015),
('AAG123', 'Ethan Nelson', 'P16', 'San Francisco', 'Seattle', '2023-07-27 11:00:00',16,016),
('AAH456', 'Sophia Cooper', 'Q17', 'Los Angeles', 'Chicago', '2023-07-30 14:00:00',17,017),
('AAI789', 'Mia Scott', 'R18', 'London', 'New York', '2023-08-25 18:00:00',18,018),
('AAK012', 'Alexander Wright','S19','Chicago','Germany','2023-06-14 09:00:00',19,019),
('AAL345', 'Evelyn Adams','T20','Mumbai','Spain','2023-10-11 15:00:00',20,020);

INSERT INTO Airline VALUES
(1001, 'American Airlines', '800-433-7300'),
(1002, 'Delta Air Lines', '800-221-1212'),
(1003, 'United Airlines', '800-864-8331'),
(1004, 'Southwest Airlines', '800-435-9792'),
(1005, 'JetBlue Airways', '800-538-2583'),
(1006, 'Alaska Airlines', '800-252-7522'),
(1007, 'Hawaiian Airlines', '877-426-4537'),
(1008, 'Spirit Airlines', '801-401-2222'),
(1009, 'Frontier Airlines', '801-401-9000'),
(1010, 'Allegiant Air', '702-505-8888'),
(2011, 'Virgin America', '877-359-8474'),
(2012, 'Sun Country Airlines', '800-359-6786'),
(2013, 'Alitalia', '800-223-5730'),
(2014, 'British Airways', '800-247-9297'),
(2015, 'Cathay Pacific', '800-233-2742'),
(2016, 'Emirates', '800-777-3999'),
(2017, 'Qatar Airways', '877-777-2827'),
(2018, 'Singapore Airlines', '800-742-3333'),
(2019, 'Thai Airways', '800-426-5204'),
(2020, 'Air Canada', '888-247-2262');

INSERT INTO Flight VALUES
    ('ABC123', 'Boeing 747', '2023-06-01 09:00:00', 1000, '2023-06-01 20:00:00', 1001,'ABC123'),
    ('DEF456', 'Airbus A320', '2023-06-05 12:00:00', 750, '2023-06-05 18:00:00', 1002,'DEF456'),
    ('GHI789', 'Boeing 787', '2023-06-07 5:00:00', 1200, '2023-06-07 19:15:00', 1003,'GHI789'),
    ('JLK123', 'Airbus A380', '2023-06-10 10:00:00', 1500, '2023-06-10 21:00:00', 1004,'JKL123'),
    ('MNO456', 'Embraer E190', '2023-06-15 08:00:00', 600, '2023-06-15 18:00:00', 1005,'MNO456'),
    ('PQR789', 'Boeing 737', '2023-06-20 17:00:00', 800, '2023-06-21 00:30:00', 1006,'PQR789'),
    ('STU123', 'Airbus A320', '2023-06-22 11:00:00', 900, '2023-06-22 18:30:00', 1007,'STU123'),
    ('VWX456', 'Boeing 747', '2023-06-25 14:00:00', 1100, '2023-06-25 23:30:00', 1008,'VWX456'),
    ('YZA789', 'Embraer E175', '2023-06-28 20:00:00', 500, '2023-06-29 01:15:00', 1009,'YZA789'),
    ('AAA123', 'Boeing 777', '2023-07-01 06:00:00', 1300, '2023-07-02 15:00:00', 1010,'AAA123'),
    ('AAB456', 'Airbus A330', '2023-07-05 12:00:00', 700, '2023-07-05 19:30:00', 2011,'AAB456'),
    ('AAC789', 'Embraer E190', '2023-07-10 13:00:00', 800, '2023-07-10 20:30:00', 2012,'AAC789'),
    ('AAD123', 'Boeing 787', '2023-07-15 16:00:00', 1000, '2023-07-16 03:15:00', 2013,'AAD123'),
    ('AAE456', 'Airbus A380', '2023-07-20 08:00:00', 1400, '2023-07-20 21:45:00', 2014,'AAE456'),
    ('AAF789', 'Boeing 737', '2023-07-25 17:00:00', 650, '2023-07-26 01:00:00', 2015,'AAF789'),
    ('AAG123', 'Boeing 747', '2023-07-27 11:00:00', 1000, '2023-07-27 22:00:00', 2016,'AAG123'),
	('AAH456', 'Airbus A320', '2023-07-30 14:00:00', 500, '2023-07-30 19:00:00', 2017,'AAH456'),
	('AAI789', 'Boeing 787', '2023-08-25 18:00:00', 2000, '2023-08-26 19:00:00', 2018,'AAI789'),
	('AAK012', 'Airbus A380', '2023-06-14 09:00:00', 3000, '2023-06-15 21:00:00', 2019,'AAK012'),
	('AAL345', 'Boeing 737', '2023-10-11 15:00:00', 800, '2023-10-11 23:30:00', 2020,'AAL345');
    
INSERT INTO Class VALUES
  ('0111', 200, 'Economy','ABC123'),
  ('0112', 300, 'Business','DEF456'),
  ('0113', 250, 'Economy','GHI789'),
  ('0114', 400, 'Business','JKL123'),
  ('0115', 180, 'Economy','MNO456'),
  ('0116', 350, 'Business','PQR789'),
  ('0117', 300, 'Economy','STU123'),
  ('0118', 500, 'Business','VWX456'),
  ('0119', 220, 'Economy','YZA789'),
  ('0120', 380, 'Business','AAA123'),
  ('0121', 280, 'Economy','AAB456'),
  ('0122', 700, 'Business','AAC789'),
  ('0123', 200, 'Economy','AAD123'),
  ('0124', 400, 'Business','AAE456'),
  ('0125', 300, 'Economy','AAF789'),
  ('0126', 600, 'Business','AAG123'),
  ('0127', 250, 'Economy','AAH456'),
  ('0128', 450, 'Business','AAI789'),
  ('0129', 220, 'Economy','AAK012'),
  ('0130', 380, 'Business','AAL345');
  
  INSERT INTO Flight_has_User VALUES
  ('ABC123',1),
  ('DEF456',2),
  ('GHI789',3),
  ('JLK123',4),
  ('MNO456',5),
  ('PQR789',6),
  ('STU123',7),
  ('VWX456',8),
  ('YZA789',9),
  ('AAA123',10),
  ('AAB456',11),
  ('AAC789',12),
  ('AAD123',13),
  ('AAE456',14),
  ('AAF789',15),
  ('AAG123',16),
  ('AAH456',17),
  ('AAI789',18),
  ('AAK012',19),
  ('AAL345',20);